<?xml version="1.0" encoding="UTF-8"?>
<project-private xmlns="http://www.netbeans.org/ns/project-private/1">
    <editor-bookmarks xmlns="http://www.netbeans.org/ns/editor-bookmarks/2" lastBookmarkId="0"/>
    <open-files xmlns="http://www.netbeans.org/ns/projectui-open-files/2">
        <group>
            <file>file:/E:/PSLMS/src/pslms/Shahnawaz.png</file>
            <file>file:/E:/PSLMS/src/pslms/Player_Register.java</file>
            <file>file:/E:/PSLMS/src/pslms/pitch_report.java</file>
            <file>file:/E:/PSLMS/src/pslms/hales%20with%20bat.png</file>
            <file>file:/E:/PSLMS/src/pslms/welcome_page.java</file>
            <file>file:/E:/PSLMS/src/pslms/player_details.java</file>
            <file>file:/E:/PSLMS/src/pslms/Catagory_selection.java</file>
            <file>file:/E:/PSLMS/src/pslms/Login.java</file>
            <file>file:/E:/PSLMS/src/pslms/PlayersPannel.java</file>
            <file>file:/E:/PSLMS/src/pslms/Franchises.java</file>
        </group>
    </open-files>
</project-private>
